﻿<?xml version="1.0" encoding="utf-8" ?>
<sqlMap namespace="apple" xmlns:xsi="http://www.w3.org/2001/XMLSchema-instance" 
    xmlns="http://ibatis.apache.org/mapping">

    <alias>
        <typeAlias alias="TempVO"  type="TempDTO" />
    </alias>

    <resultMaps>
        <resultMap id="RM_Temp" class="TempVO">
            <result property="id"   column="id"/>
            <result property="data" column="data"/>
        </resultMap>
    </resultMaps>

    <statements>

        <select id="findAll"  resultMap="RM_Temp">
            SELECT id, data FROM Temp01T
        </select>

        <select id="findAll2"  resultClass="TempVO">
            SELECT id, data FROM Temp01T
        </select>

    </statements>
</sqlMap>